Data Series,2026 May ,2026 Apr ,2026 Mar ,2026 Feb ,2026 Jan ,2025 Dec ,2025 Nov ,2025 Oct ,2025 Sep ,2025 Aug ,2025 Jul ,2025 Jun ,2025 May 
All Items,1.8,1.8,1.8,1.2,1.4,1.2,1.2,1.2,0.7,0.5,0.6,0.8,0.8
  Food,1.8,1.6,1.6,1.6,1.2,1.2,1.2,1.2,1.1,1.1,1.1,1,1.1
  Food Excl Food & Beverage Serving Services,2.6,2.3,2.2,2.2,0.8,0.9,0.8,0.8,0.2,0.9,1,0.8,0.9
    Rice & Cereal Products,1.5,1.7,1,0.3,0.8,0.3,0.6,0.9,0.9,1.4,1.5,1.6,2.1
      Rice,0.9,-0.3,-1,-3.2,-1.9,-4.1,-1.4,-1.2,-1.1,1.2,1.3,0.8,2.9
      Flour,2.2,5.8,-0.1,-4.2,-2,-3.1,-3.1,-3.2,-3.7,-3.7,-6.8,-0.7,-3.3
      Bread,0.9,0.9,0.3,0.3,0.9,1.3,1.2,1.6,2.2,2.5,2.3,2.7,2.8
"      Macaroni, Noodles & Similar Pasta Products",-0.5,-1.4,-1.6,-3.7,-1.3,-1.5,-1.3,-1.5,-2.3,0.1,2.1,-0.4,-0.2
      Biscuits & Cookies,0.3,2,2.2,0.9,0.8,0.9,2.4,3.1,1.4,3,3.9,2.5,3.3
      Cakes & Pastries,3.2,3.6,2.7,2.5,2.1,1.3,1.5,1.3,1.2,0.9,0.8,2.3,2.3
      Breakfast Cereals,1.4,0.4,0,2.1,1.7,-0.8,-1.9,-0.6,-1.5,-2.9,-2.5,-3,-1.2
      Other Cereal Products Nec,1.6,3.3,1.2,1.3,3.1,4.5,-1.5,2.3,4.8,1.8,2.2,-2.4,0.5
    Meat,1,1.1,1.4,1.6,1.1,1.2,1,1,0.2,-0.3,0.8,0.4,0.8
"      Pork, Chilled Or Frozen",1.7,1.9,2.2,1.7,0.4,1.1,1.8,0.6,-0.4,-0.9,0.9,0.5,0.5
"      Beef, Chilled Or Frozen",2.3,1.4,0.5,3.4,6,6.3,5.4,5.5,2.8,5,4.7,5,10.6
"      Mutton, Chilled Or Frozen",12.2,9.7,7.6,11,13.5,9.3,0.2,12.1,6.9,2.4,12.3,4,-0.6
"      Poultry, Chilled Or Frozen",-1,-0.4,1.4,0.3,-0.1,-0.1,-0.6,-0.8,-0.2,-1.3,-1,-0.8,-1
"      Meat, Preserved Or Prepared",0.4,0.7,-0.6,1.1,-1.1,-1.3,-1,-0.1,-0.8,-1.8,-0.8,-1.5,-2.1
    Fish & Other Seafood,7.4,4.9,5.9,7.4,-2.2,-1.4,-0.5,0.2,-2.2,-0.8,-1,-2.9,-3.1
"      Fish, Fresh Or Chilled",8,6.4,5.9,6.1,-3.1,-1.3,0,-0.2,-2.7,-2.7,-2.1,-4,-4.6
"      Fish, Frozen",6.1,10.7,14.2,3.7,8.7,3.6,-0.5,-1.2,-1.6,-1.9,-0.4,1.1,0.5
"      Other Seafood, Fresh, Chilled Or Frozen",11.1,6.2,9.8,17.9,-3.1,-2.8,-0.2,3.9,-1.1,4.4,1.2,-3.9,-1.7
      Seafood Preparations,2.1,-1.2,0.7,0.4,0,-0.5,-2,-2.3,-1.8,-0.7,-0.4,0.7,-1
"    Milk, Other Dairy Products & Eggs",0.3,0.1,0.9,0.7,1.4,1.4,0.7,0.2,0.2,0,0.1,0.7,0.7
      Milk,1.9,1,2,0.6,0.2,1,-1.1,-0.7,-0.5,-0.9,-1.4,-1,-2
      Other Milk & Cream,0.4,0.1,0.5,1.1,1.7,1.8,1,0.9,1.6,2,2.4,2,2.7
      Dairy Products Nec,-1.8,-0.9,1.2,-0.1,2.1,2.1,2,-0.5,-0.9,-1.7,-1.3,0,1.8
      Eggs,0.5,0.2,0.3,0.7,1.6,0.4,0.8,0.5,-0.3,-0.9,-0.9,0.6,-0.9
    Oils & Fats,-2,-1.4,-1.1,-0.7,-0.3,0.7,2.6,3.3,4.2,5.6,3.4,5.8,4.7
      Vegetable Oils,-3.2,-2.4,-2.6,-0.6,-1.2,-0.1,2,2.6,4.6,7.4,5.1,7.7,6.2
      Butter & Other Fats,2,1.7,3.7,-0.9,2.2,3.2,4.4,5.3,2.8,0.6,-1.6,-0.1,0.1
    Fruits & Nuts,4.5,2.7,2.7,3.2,-0.4,1.7,-0.8,-0.5,-1.5,2.7,1.3,4.3,2.9
"      Tropical Fruits, Fresh",0.7,1.3,-1.2,2.5,-2.1,0.2,-5.5,-9.9,-8.6,-3.9,-2.2,1.5,8
"      Citrus, Beries, Stone & Other Fruits, Fresh",8,4.1,5.3,3.5,-0.3,2.3,1.4,4.8,2.2,7.1,3.2,7.2,0.9
"      Fruit, Dried & Dehydrated",0.8,1.5,1.2,3.1,5.1,2.7,2,1.9,1.7,1.2,1.9,0.5,0.7
"      Fruits, Canned Or Bottled",2.6,2,8.6,11.5,13.7,10.7,11.1,8.4,0.9,2.2,8,-3.3,0
"      Nuts & Seed, In Shell Or Shelled",1.3,0.2,1.8,3.3,1.5,1.7,0.9,2.9,2.1,3.5,2.3,1.5,-1.5
    Vegetables,1.8,2,2,1,0.2,-0.7,0.8,-0.5,-0.2,-0.7,-0.3,-1.5,0.4
"      Leafy Vegetables, Fresh Or Chilled",1.2,2.1,2.8,-0.4,-2.4,-2.1,1.8,0,0.7,0.7,3.1,0.7,2.6
"      Fruit-Bearing Vegetables, Fresh Or Chilled",6.2,3.3,1.8,3.7,2,0.1,-0.6,-2.3,-1.3,-2.8,-4.9,-3.6,-1.7
"      Root Vegetables, Fresh Or Chilled",0.7,1.7,1.9,2.8,1.4,0,0.1,-1.6,-1.2,-2.4,-2.2,-3.9,-1.5
"      Other Vegetables, Fresh Or Chilled",-0.9,1.7,1.9,-0.9,1,0.1,-2.6,-1.3,-2.5,-3.8,-2.4,-5.2,-0.4
"      Vegetables, Frozen",3.3,3.1,9,4.8,3.9,3.1,2.7,5.6,4.8,2.2,1.4,-0.4,-1.1
"      Vegetables, Dried, Salted, Steamed Or Smoked",-0.4,1.4,2.3,-0.6,0.7,-0.9,-0.5,-0.7,-1,-1.7,-3,-4.6,-3
"      Vegetables, Canned Or Bottled",0.7,0.7,0.9,1.4,3,0.2,1.2,-0.4,2.3,1.4,2,2.4,2.4
"      Vegetables, Preserved Or Prepared, Other Forms",0.1,1,-0.4,-0.6,0.9,0,1.9,1.1,-0.1,1,0.4,-0.6,0.8
"    Sugar, Confectionery & Desserts",2.6,7.3,4.8,4.3,6.2,6.8,6.2,4.5,4.8,4.8,7.1,3.3,2.4
      Sugar,0.7,2.4,0.8,1.1,-0.5,-2,-1.4,-2.1,-3.3,-0.4,-1.5,-3.4,3.6
"      Jams, Fruit Jellies, Fruit Puree & Pastes, Honey",1.9,0.9,-4.9,-3.4,-2,1,-0.1,-1.2,-1.6,-3.7,-1.8,-2.4,-3.3
      Nut Butter & Paste,-2.2,-2,-4.4,3.5,0.1,-0.9,2.3,2.7,-3,-0.2,1,-4.3,-3.5
"      Chocolate, Cocoa, & Cocoa-Based Food Products",4.9,18.2,12.9,6.5,16.9,15.1,14.1,12.2,10.3,12.6,15.5,10.2,2.6
      Ice & Ice Cream,0.7,3.5,5.7,5.3,2.7,5.4,3.8,2.7,7.9,4.5,6.4,1.4,5.8
      Sugar Confectionery & Desserts Nec,3.6,1,1.1,10.9,4.9,4.1,4.7,-0.1,-0.3,2,7.4,3.5,4.2
    Ready-Made Food & Other Food Products Nec,0.8,1.6,0.8,0.1,0.8,0.7,0.5,0.3,-0.4,0.5,0.7,0.8,1
      Ready-Made Food,1.4,1.7,1.8,1.2,0.8,0.7,0.3,0.4,-0.2,0.7,1.1,2.1,2.2
      Baby Food,3.7,8.3,-0.4,1.3,0.9,-0.8,0.3,-1.5,2.2,2.1,0.1,0.9,0.2
"      Salt, Condiments & Sauces",0.8,1.6,0.2,-0.8,0.8,0.2,-0.8,-1.6,-1.1,1.8,3,0.9,0.1
"      Spices, Culinary Herbs & Seeds",1.3,3.2,2.5,2.2,1.1,2.5,3,2.3,0.6,0.7,0.3,0.7,0.4
"      Food Hampers, Incl Fruits",2.5,2.5,0,0,0,-1.4,-3.2,-3.2,-3.2,-3.2,-3.7,-3.7,-3.7
      Other Food Products Nec,-1.2,-0.1,-1.1,-2.1,0.5,1.2,1.7,2.3,-0.6,-1.6,-1.9,-1.7,0.4
    Non-Alcoholic Beverages,5.1,4.2,2.4,2.9,5.6,3.6,3.6,4.3,3.5,2.7,2.6,1.6,0.7
      Fruit & Vegetable Juices,-0.2,0.3,-0.3,0.6,-0.7,-1.2,0.3,2.8,1.3,-0.4,-0.9,0.6,2.5
      Coffee & Coffee Substitutes,8.9,10.5,8,9.8,15.5,12.8,12.9,12.3,11.1,7.5,8.4,6.2,6.4
      Tea,3.5,3.4,0.8,-2.1,2.2,-0.5,-2,-0.5,-0.6,0.3,-0.8,-1.3,-1.9
      Cocoa & Malt-Based Drinks,5.3,2.8,5.1,5.2,8.5,6,6.4,4.3,4.1,3.7,4.7,5.2,4.7
      Water,5.2,3.2,-0.3,2.2,-0.3,3.7,4,10.1,11.4,8.2,6.7,-1.7,-5
      Soft Drinks,5.4,2.9,-0.3,0,-0.6,-0.7,-1.2,-2.6,-1.3,1.2,2.4,-0.7,-5
      Non-Alcoholic Beverages Nec,3.9,-1.9,-2.9,-0.8,2.5,-2.1,-1.3,2.1,-2.1,-1.6,-3.5,-1.8,-3.3
  Clothing & Footwear,1.1,1,0.9,-0.9,-0.4,-1,-0.5,1.2,-0.1,0.2,-2.3,2.2,-3.3
    Clothing,0.8,-0.3,0.2,-0.9,-1.2,-1.6,-0.5,0.7,0.3,-0.2,-1.7,2.2,-3.6
      Garments,0.9,-0.4,0.3,-0.7,-1.1,-1.5,-0.7,0.5,-0.1,-0.4,-1.9,2.5,-3.7
      Other Articles Of Clothing & Clothing Accessories,-3.8,-1.8,-7,-10.6,-6.1,-6.1,8,9.4,14.8,6.9,4.8,-1.4,-1.2
"      Cleaning, Repair, Tailoring & Rental Of Clothing",2.9,2.9,2.9,2.9,2.9,0,0,0,-1.3,-1.2,-1.2,-2.1,-2.1
    Footwear,2.1,5.9,3.7,-0.7,2.4,1.3,-0.7,2.9,-1.6,1.6,-4.3,2.1,-2.1
  Housing & Utilities,0.2,0.2,0.3,0.3,1.7,0.2,0.2,0.3,0.2,0.3,0.3,0.9,1
    Accommodation,0.5,0.4,0.3,0.3,1.9,0.3,0.3,0.3,0.4,0.4,0.5,1,1.1
      Actual Rentals For Housing,0.7,0.7,0.6,0.5,0.5,0.5,0.5,0.5,0.5,0.6,0.7,0.8,1
      Imputed Rentals For Housing,0.3,0.2,0.1,0.1,0.1,0.1,0.1,0.2,0.3,0.3,0.4,0.6,0.8
      Housing Maintenance & Repairs,2.1,2.9,1.9,2,27.9,1.6,1.5,1.6,1.3,1.2,1.2,4.2,4.2
    Utilities & Other Fuels,-2,-2,-0.4,-0.4,-0.4,-0.4,-0.4,-0.3,-1.6,-1.5,-1.5,0,0.1
      Water Supply,0,0,10.5,10.5,10.5,10.5,10.5,10.5,10.5,10.5,10.5,10.5,10.5
      Refuse Collection,0,0,0,0,0,0,0,0,0,0,0,4,4
      Electricity,-3.3,-3.2,-4.5,-4.4,-4.3,-4.5,-4.4,-4.3,-6,-6,-5.9,-4.2,-4
      Gas,-0.2,-0.3,-2.4,-3.1,-3.1,-1.8,-1.8,-1.8,-3.3,-3.3,-3.3,-1,-1
  Household Durables & Services,0.7,1.1,0.9,0.3,-0.2,-0.3,0,-0.4,-0.3,-0.9,-0.5,-0.4,-0.2
    Furniture & Furnishings,1.6,2.5,1.9,0.5,-0.5,-0.4,0.6,-0.1,1.7,-1.8,-1.5,-1.2,-0.8
    Household Textiles,0.9,1,-2.9,-4.3,-3.2,-5.4,-3.7,-7.4,-8.4,-9.4,-6.5,-6.6,-4.2
    Household Appliances,-0.7,0.2,0.3,-0.9,-0.5,-1.3,-0.7,-1.6,-1.6,-0.5,-0.9,0.5,0.4
      Major Household Appliances,-1.7,-0.6,-0.5,-1.5,-1.2,-1.8,-0.5,-1.9,-1.6,-0.7,-1.4,0,-0.3
      Small Household Appliances,-2.1,0,1.8,-1.8,-0.7,-1.8,-3.3,-3.3,-4.7,-1.2,-0.4,1.8,2.3
      Repair & Installation Of Household Appliances,3.2,3.2,1.7,1.7,1.7,0.6,0.6,0.6,0.6,0.6,0.6,1.4,1.4
"    Glassware, Tableware & Household Utensils",-0.3,-0.4,1.7,0.4,1.5,1,-0.7,-2.5,-4.5,-3.5,-0.6,-0.1,2
    Tools & Equipment For House & Garden,-0.7,-1,0.5,0.1,0.1,-0.3,0.5,-1.5,-2.6,-2.4,-0.3,-1.5,-0.7
    Household Services & Supplies,0.9,0.8,0.8,0.8,0.2,0.3,0.3,0.4,0.1,0.2,0.4,0,0
      Non-Durable Household Goods,0.1,-0.8,-0.8,-2.1,0,-0.6,-0.9,0.9,-0.4,1,2.1,-0.3,0.3
      Domestic Services & Household Services,1.1,1.1,1.1,1.3,0.3,0.5,0.5,0.4,0.2,0.1,0.2,0,0
      Other Insurance Nec,-0.5,-0.5,-0.5,-0.5,-0.2,0.7,0.7,0.7,4.6,4.6,4.3,4.3,4.3
  Health,3.1,3.1,4,4.2,4.4,4.2,4.4,4,1.4,2.3,2.4,2.8,2.7
    Medicines & Health Products,2,2,0.6,2.1,0.3,-0.7,-0.7,-0.3,-0.5,0.5,0.1,-1.3,-2
      Medicines & Health Supplements,3.8,3.9,1.8,4.3,1.8,0.5,0.6,0.1,-0.9,0.3,-0.2,-1.4,-2.5
      Medical Products,1.5,-1.9,-2.8,-2.3,-2.3,-3.2,-3.3,-3.4,-2.6,-2.7,-2.3,-2.8,-3.8
      Assistive Products,-2.2,-2,-1.8,-2.6,-3.1,-3.3,-3.4,-0.8,0.9,1.5,1.3,-0.7,-0.5
    Outpatient Care Services,0.6,0.5,0.4,0.4,0.3,0.2,0.3,0.4,-1.1,-1,-1.1,-0.2,-0.2
      Fees At Polyclinics,2.7,2.5,3.9,3.9,3.9,4.9,4.9,4.9,3.4,4.2,3.3,3.3,3.3
      Fees At General Practitioners (GP) Clinics,1.7,1.6,1.9,1.8,1.9,1.8,1.7,1.7,0.4,0.8,0.8,1,1
      Fees At Specialist Outpatient Clinics,0.4,0.3,0,0,-0.2,-0.5,-0.2,-0.3,-2.4,-2.5,-2.4,-1.5,-1.5
      Outpatient Dental Services,0.6,0.4,-0.1,-0.2,-0.3,-0.3,-0.3,-0.1,2,2,1.9,2.2,2.2
      Outpatient Care Services Nec,-1.6,-1.3,-1,-1,-1,-0.9,-0.9,-0.4,-3.2,-3.1,-3.1,0.1,0
    Inpatient Care Services,2.1,2,1.5,1.5,1.9,1.6,2.2,2.3,-1.7,-1.5,-1,-0.5,-0.6
    Other Health Services,1.5,1.4,1.2,1.2,1.3,2.1,2,2,1.2,1.6,2,2.4,2.2
      Diagnostic Imaging Services & Medical Laboratory Services,1.4,1.3,1.1,1.1,1.2,2.1,2,2,1.2,1.6,2,2.4,2.2
      Patient Emergency Transportation Services & Emergency Rescue,2,2,2,2,2,2,2,2,1,1.6,2.4,2.4,2.4
    Health Insurance,8.6,9.2,14.8,14.8,16.4,16.1,16.1,14.5,9.9,13.7,13.8,13.8,13.8
  Transport,7.4,7,6,2.7,2.4,3.6,3.2,3.4,3.4,2.3,2.1,2,1.7
    Private Transport,8.6,8.1,6.6,2.4,2.7,3.7,3.5,3.8,3.7,2.4,2.1,2,1.1
      Motor Cars,8.2,7.5,6.4,5.9,5.3,7.1,6.9,8.3,7.3,4.6,4.2,2.6,2.3
      Motorcycles,4.7,0.3,-0.9,-1.4,3,1.3,0,0,-2.6,-1.7,3.5,0,-2.7
      Bicycles,-1.7,-7.7,-6.7,-4.2,-4,-3.6,-2.8,-2.9,1.5,-4,3.2,-2.8,0.6
      Parts & Accessories For Personal Transport Equipment,0.7,0,0.9,0.4,0.8,1.7,2.4,2.6,2.1,2,2.4,2.3,2.6
      Petrol,20.1,19.4,15.9,-4.1,-2.1,-1.2,-2.1,-3.8,-1.5,-1,-1.8,-0.3,-3.6
      Other Fuel & Lubricants For Personal Transport Equipment,54.5,56.1,22.2,-1.5,-0.3,1.6,1,-0.7,0.2,-0.3,-1.5,-0.9,-2.6
      Maintenance & Repair Of Personal Transport Equipment,2.5,2.5,2.7,3.2,1.9,2.3,2.3,2.2,2.1,2.1,2.1,6.8,8.1
      Other Services In Respect Of Personal Transport Equipment,1.2,1.3,1.2,0.3,1.1,0.5,0.8,0.7,0.7,0.8,0.4,0.8,0.7
      Insurance Connected With Transport,0.7,0.7,-0.6,0.5,0.9,1.1,5,0.7,3.4,3.4,3.4,7,4.4
    Land Transport Services,6.1,6.8,5.7,3.4,4.2,5.6,5.7,3.8,5.3,5.5,4.8,5.1,5.7
      Bus & Train Fares,5,5,5,5,5,6,6,6,6,6,6,6,6
      Point-To-Point Transport Services,7.9,9.6,7,1.1,3.9,5.2,5.7,1,5.1,5.6,3.7,4.6,6
      Commuting Fares,-2,-2,-2,-2,-2,4.1,4.1,4.1,4.1,4.1,4.1,4.1,4.1
      Other Land Transport Services,15.1,11.2,9.2,15.5,-0.3,6.2,1.3,2.9,-3,-4,-3.7,-4.3,-2.5
    Other Transport Services,1.5,0.3,2.1,4.2,-3.1,-0.4,-3.9,0.1,-2.9,-4.5,-3.5,-3.5,-1.9
      Airfares,1.4,0.2,2,4.2,-3.2,-0.5,-4,0.1,-2.9,-4.6,-3.6,-3.5,-1.9
      Seafares,15,15.1,11.4,0.7,0.7,0.4,-0.1,0,-0.1,-0.1,-0.3,-0.9,-0.8
      Travel Insurance,-3.1,2.4,0.3,10.6,6.9,10.7,6.4,0.5,-3.9,-6.1,-0.2,1.4,-9.9
    Transport Services Of Goods,-1.7,-1.1,2.7,-2.4,0.6,0.1,0.3,-0.2,0.8,0.9,-0.6,-6.5,2.7
  Information & Communication,-2.9,-0.9,0.5,-1.4,-1.9,-2,-2,-2.5,-2.4,-2.1,-2.6,-2.4,-1.9
    Information & Communication Equipment,1.7,0.7,0.6,-1.9,-2.8,-2.8,-2.8,-2.8,-2.7,-2.6,-4.3,-3.5,-4.4
      Mobile Telephone Equipment,9.2,5.8,4.9,-2.2,-6.2,-7.7,-6.7,-6.5,-6.4,-7.1,-12.6,-13.6,-14.8
      Information Processing Equipment,-1.8,-1.4,-0.9,-0.9,-0.9,-0.7,-1,-1,-1,-0.2,-0.2,0.7,1.3
"      Equipment For The Reception, Recording & Reproduction Of Sound & Vision",-0.3,-0.6,-0.1,-1.2,-0.8,-0.3,0.2,0.2,0.4,0.7,0.6,5,3.1
      Unrecorded Recording Media,0,0,0,0,0,0,0,0,0,0,0,0,0
      Information & Communication Equipment & Accessories Nec,-4.1,-5.1,-6,-6.7,-2.7,0.8,-2.5,-3.4,-3.6,-3.1,-1.7,-2.9,-4.9
    Software Excl Games,0,0,0,0,0,0,0,0,0,0,0,0,0
    Information & Communication Services,-4.4,-1.4,0.4,-1.3,-1.7,-1.8,-1.8,-2.4,-2.3,-2,-2.1,-2,-1.2
      Fixed Communication Services,0,0,0,0,0,0,0,0,0,0,0,0,0
      Mobile Communication Services,0,0.6,0.4,0.2,0,0.1,0.2,-0.9,-0.8,-0.7,-0.8,-0.4,0.3
"      Internet, Bundled & Other Telecommunication Services",-8.7,-4,0.2,-3,-3.6,-3.8,-3.8,-4.1,-4,-3.5,-3.3,-3.8,-2.7
      Information & Communication Services Nec,1.9,9.3,4.6,4.6,4.6,3.3,3.3,3.3,3.3,2,-1.3,2.9,2.9
"  Recreation, Sport & Culture",1.3,0.9,1.7,1.9,0.6,0.3,0.5,1.1,-2.2,-3,-1.2,-2.6,-2
    Recreation & Cultural Goods,0.2,0.2,-0.6,-1,-0.8,-0.5,0.3,-1.1,-1.7,-0.8,-0.7,-2,-2
    Other Recreational Goods,1.5,2.9,3.2,3.1,1.8,1.2,1.7,1.7,0.7,-1.1,-0.9,-2.1,-0.6
"      Games, Toys & Hobbies",1.7,3.4,4.4,4.1,2,1.7,1.4,1.2,0.4,-1.7,-2.6,-3.2,-1.7
"      Equipment For Sport, Camping & Open-Air Recreation",1.3,1.5,0.3,0.8,1.3,-0.1,2.5,3.1,1.6,0.3,4,0.8,2.4
    Garden Products & Pets,0.7,0.8,0.3,0.5,0.9,0.8,0.8,0.6,1.2,0.6,1.3,0.2,0.2
"      Garden Products, Plants & Flowers",1.3,1.6,0.1,0.3,0.2,0.9,0.7,0.7,1.3,0.9,1.6,1.7,1.2
      Pets & Products For Pets,0.4,0.4,0.4,0.6,1.1,0.8,0.8,0.5,1.1,0.5,1.1,-0.4,-0.3
    Recreational Services,3,2.3,3.2,2.4,2.4,1.3,1.4,1.4,-0.1,0,-0.2,-0.3,0.4
      Other Recreational Services,-1,0,7.3,7.3,7.3,7.3,7.3,7.3,7.3,7.3,7.3,13.6,13.6
      Veterinary & Other Services For Pets,3.1,3.1,1.7,1.7,1.7,0.5,0.5,0.5,2.6,2.6,2.6,2.6,2.6
      Recreational & Sporting Services,3.1,2.3,3.3,2.3,2.3,1.2,1.4,1.3,-0.5,-0.4,-0.7,-0.9,-0.1
    Cultural Services,1.8,1.1,0.1,-0.3,0,0.5,0.4,2.4,1.3,2.1,0.3,1.1,1.3
"      Services Provided By Cinemas, Theatres & Concert Venues",3.1,0.3,0.2,0.7,2.2,3,3.2,2.9,3.8,5.5,2.3,2.4,3.3
      Services Provided By Museums & Cultural Sites,8,8.8,6.8,2.3,1.7,3.4,3.1,22,3.6,7.6,-2,-2.8,-2.7
      Photographic Services,-3.9,-3.9,-3.9,-3.9,-3.9,-3.9,-3.9,-3.9,-3.9,-3.9,-3.9,0,0
      Cultural Services Nec,1.1,1.1,-0.4,-0.6,-0.6,-0.6,-0.8,-0.4,0.7,0.5,0.8,1.7,1.5
"    Newspapers, Books & Stationery",0.3,0.9,-0.2,0.1,-0.7,0.3,0.3,0.6,0.7,0.7,0.3,0.4,0.1
"      Books, Excl School Textbooks & Study Guides",-0.6,1.8,-2.4,0.1,-3,-0.5,0.4,0.7,0.9,1.5,-0.2,0.3,-1.2
      Newspapers & Others,-0.3,-0.3,-0.1,-0.1,-0.1,-0.1,-0.6,-0.1,-0.1,-0.1,-0.1,0,0
      Stationery & Drawing Materials,1.1,1.2,1,0.3,0.3,0.9,0.9,0.9,1.1,0.7,0.8,0.8,0.8
    Holiday Expenses,0.6,0.1,1.4,2.3,-0.3,-0.4,0,0.8,-4.6,-5.9,-2.3,-4.9,-4.1
      Hotels,-1.8,0.9,4.4,3.8,3.5,-1.5,1.5,3.2,-2.1,-2.2,1.7,-4.3,-1.3
      Chalets,-3.4,6.6,5.8,2.1,1.6,-0.6,1.3,10.3,1.7,2.5,8.7,3.3,3.9
      Package Holidays,1.8,-0.4,-0.2,1.6,-2.1,0.2,-0.8,-0.5,-5.8,-7.8,-4.4,-5.2,-5.4
  Education,-0.8,-0.8,-0.8,-0.7,-0.6,1.2,1.1,1.1,1,0.8,0.7,0.5,0.5
"    General, Vocational & Higher Education",-2.3,-2.4,-2.2,-2.2,-2,0.6,0.6,0.6,0.5,0.3,0.1,-0.1,-0.1
      Primary Education,-13.2,-13.2,-13.2,-13.2,-13.2,0,0,0,0,0,0,0,0
      Secondary Education,-7.5,-7.5,-7.5,-7.5,-7.5,0.6,0.6,0.6,0.6,0.6,0.6,0.6,0.6
      Post-Secondary (Non-Tertiary) Education,-7.8,-7.8,-7.8,-7.8,-7.8,0.5,0.5,0.5,0.5,0.5,0.5,0.5,0.5
      Polytechnic Education,1.1,1.1,3.8,3.8,3.8,3.8,3.8,3.8,3.8,3.8,3.8,3.8,3.8
      Other Education,-0.5,-0.5,-0.6,-0.5,-0.3,0.4,0.4,0.5,0.3,0,-0.2,-0.5,-0.5
    Private Tuition & Other Educational Courses,2.3,2.3,2.3,2.3,2.4,2.5,2.3,2.1,2,2,2,1.6,1.7
    School Textbooks & Study Guides,1.6,1.6,1.2,1.2,1.2,0.1,0.1,0.1,0.7,0.7,0.7,0.9,0.9
  Miscellaneous Goods & Services,2.4,1.7,1.5,0.5,0.3,0.1,0.2,0.3,-0.1,-0.8,-0.4,0,-0.4
    Personal Care,2.6,0.9,0.2,0.1,0.5,0.4,-0.1,0.5,0.4,-0.8,0,-0.1,-1
      Hairdressing & Personal Grooming Services,1.6,1.4,1.2,2.4,0.1,1.5,1.1,1.1,1,1,0.7,1.2,1.2
      Electric Appliances For Personal Care,-7.9,-9.5,-9.7,-10.3,-6.9,-5.4,-9,-17.3,-8.7,-4.5,-2.3,-6.4,-1.5
"      Other Appliances, Articles & Products For Personal Care",4,0.8,-0.2,-1.5,1.1,-0.4,-0.9,0.7,0.3,-2.1,-0.6,-1.1,-2.9
    Alcoholic Beverages & Tobacco,8.6,8.6,9.7,4.3,2.2,2,0.7,0.8,3.1,2,1.2,1.1,1.8
      Alcoholic Beverages,-0.2,-0.1,1.2,0.8,1.2,0.7,-2.4,-2.2,3.5,0.9,-1.2,-1.6,0.3
      Tobacco,14.2,14.2,15.2,6.6,2.8,2.8,2.8,2.8,2.8,2.8,2.8,2.8,2.8
    Other Personal Effects,1.8,2.6,2,0.9,-0.2,-0.8,2.6,1,-2.1,-1.9,-2.2,-3.2,-4
      Jewellery & Watches,1.9,2,1.9,-0.3,-0.8,1.4,7.2,4.6,-0.4,4.8,1.3,0.4,0.3
      Devotional Articles & Articles For Religious & Ritual Celebrations,-1,-1.7,-1.7,-1.2,-1.2,-1.7,-1.7,-1.7,-1.7,-2.9,-2.9,-2.9,-0.8
      Other Personal Effects Nec,2.3,3.5,2.7,1.7,0.3,-1.5,1.8,0.3,-2.8,-3.9,-3.2,-4.5,-6
    Social Services,-3.1,-3.1,-3.2,-3.2,-3.2,-3.8,-3.8,-3.8,-6.1,-6.1,-6.1,1,1
    Other Miscellaneous Services,-0.1,0.1,0.1,0.1,0.1,0.1,0.2,0.4,0.2,0.1,1,1.9,1.9
  Food & Beverage Serving Services,1.5,1.3,1.3,1.4,1.3,1.4,1.4,1.3,1.5,1.2,1.2,1.1,1.2
"    Restaurants, Cafes & Pubs",1.2,1.1,1.1,1.3,1,1.1,1.1,1.1,0.9,0.6,0.7,0.7,0.8
      Restaurants,1.2,1.2,1.1,1.3,1.1,1.2,1.2,1.2,1,0.7,0.8,0.8,1
      Cafes,0.8,0.8,1,1,1,0.9,0.9,0.9,0.9,0.8,1.1,1.1,1.4
      Pubs,3.2,3.2,2.9,0,-0.5,-1.6,-1.4,-1.1,-1.9,-5.2,-5.2,-8.2,-10.3
    Fast Food Restaurants,1.7,1.6,2.3,2.3,2.3,2.3,2.3,2,4,3.7,3.8,3.3,3.4
"    Hawker Centres, And Food Courts, Coffee Shops & Kiosks",1.7,1.5,1.3,1.4,1.5,1.5,1.5,1.5,1.6,1.5,1.3,1.2,1.2
      Hawker Centres,1.7,1.3,1.2,1.3,1.4,1.6,1.6,1.5,1.7,1.6,1.6,1.5,1.6
"      Food Courts, Coffee Shops & Kiosks",1.7,1.5,1.3,1.4,1.5,1.5,1.5,1.4,1.6,1.4,1.3,1.1,1.1
"    Other Catering Services, Incl Vending Machines",0,0,0,0,0,0,0,0,0,0,0,0,0
All Items Less Accommodation,2.3,2.2,2.3,1.6,1.2,1.5,1.5,1.5,0.8,0.6,0.7,0.7,0.6
All Items Less Imputed Rentals For Housing,2.2,2.2,2.2,1.5,1.8,1.5,1.5,1.5,0.8,0.6,0.7,0.8,0.8
