market,indicator,date,value,unit,source,source_type,frequency,notes
HK,Rates,2025-05-19,1.19048,%,HKMA HIBOR daily (ir_1m),Official API,daily,
HK,Rates,2025-05-20,0.96036,%,HKMA HIBOR daily (ir_1m),Official API,daily,
HK,Rates,2025-05-21,0.7578,%,HKMA HIBOR daily (ir_1m),Official API,daily,
HK,Rates,2025-05-22,0.66613,%,HKMA HIBOR daily (ir_1m),Official API,daily,
HK,Rates,2025-05-23,0.58964,%,HKMA HIBOR daily (ir_1m),Official API,daily,
HK,Rates,2025-05-26,0.56917,%,HKMA HIBOR daily (ir_1m),Official API,daily,
HK,Rates,2025-05-27,0.60119,%,HKMA HIBOR daily (ir_1m),Official API,daily,
HK,Rates,2025-05-28,0.59589,%,HKMA HIBOR daily (ir_1m),Official API,daily,
HK,Rates,2025-05-29,0.58857,%,HKMA HIBOR daily (ir_1m),Official API,daily,
HK,Rates,2025-05-30,0.58762,%,HKMA HIBOR daily (ir_1m),Official API,daily,
HK,Rates,2025-06-02,0.88893,%,HKMA HIBOR daily (ir_1m),Official API,daily,
HK,Rates,2025-06-03,0.87423,%,HKMA HIBOR daily (ir_1m),Official API,daily,
HK,Rates,2025-06-04,0.76952,%,HKMA HIBOR daily (ir_1m),Official API,daily,
HK,Rates,2025-06-05,0.7,%,HKMA HIBOR daily (ir_1m),Official API,daily,
HK,Rates,2025-06-06,0.63952,%,HKMA HIBOR daily (ir_1m),Official API,daily,
HK,Rates,2025-06-09,0.55982,%,HKMA HIBOR daily (ir_1m),Official API,daily,
HK,Rates,2025-06-10,0.54524,%,HKMA HIBOR daily (ir_1m),Official API,daily,
HK,Rates,2025-06-11,0.62119,%,HKMA HIBOR daily (ir_1m),Official API,daily,
HK,Rates,2025-06-12,0.63185,%,HKMA HIBOR daily (ir_1m),Official API,daily,
HK,Rates,2025-06-13,0.5981,%,HKMA HIBOR daily (ir_1m),Official API,daily,
HK,Rates,2025-06-16,0.53952,%,HKMA HIBOR daily (ir_1m),Official API,daily,
HK,Rates,2025-06-17,0.52452,%,HKMA HIBOR daily (ir_1m),Official API,daily,
HK,Rates,2025-06-18,0.5403,%,HKMA HIBOR daily (ir_1m),Official API,daily,
HK,Rates,2025-06-19,0.53506,%,HKMA HIBOR daily (ir_1m),Official API,daily,
HK,Rates,2025-06-20,0.52845,%,HKMA HIBOR daily (ir_1m),Official API,daily,
HK,Rates,2025-06-23,0.68363,%,HKMA HIBOR daily (ir_1m),Official API,daily,
HK,Rates,2025-06-24,0.74714,%,HKMA HIBOR daily (ir_1m),Official API,daily,
HK,Rates,2025-06-25,0.90964,%,HKMA HIBOR daily (ir_1m),Official API,daily,
HK,Rates,2025-06-26,0.96554,%,HKMA HIBOR daily (ir_1m),Official API,daily,
HK,Rates,2025-06-27,0.83036,%,HKMA HIBOR daily (ir_1m),Official API,daily,
HK,Rates,2025-06-30,0.72744,%,HKMA HIBOR daily (ir_1m),Official API,daily,
HK,Rates,2025-07-02,0.72958,%,HKMA HIBOR daily (ir_1m),Official API,daily,
HK,Rates,2025-07-03,0.7125,%,HKMA HIBOR daily (ir_1m),Official API,daily,
HK,Rates,2025-07-04,0.85875,%,HKMA HIBOR daily (ir_1m),Official API,daily,
HK,Rates,2025-07-07,1.05446,%,HKMA HIBOR daily (ir_1m),Official API,daily,
HK,Rates,2025-07-08,1.07488,%,HKMA HIBOR daily (ir_1m),Official API,daily,
HK,Rates,2025-07-09,1.10143,%,HKMA HIBOR daily (ir_1m),Official API,daily,
HK,Rates,2025-07-10,1.03304,%,HKMA HIBOR daily (ir_1m),Official API,daily,
HK,Rates,2025-07-11,1.08191,%,HKMA HIBOR daily (ir_1m),Official API,daily,
HK,Rates,2025-07-14,1.14857,%,HKMA HIBOR daily (ir_1m),Official API,daily,
HK,Rates,2025-07-15,1.13905,%,HKMA HIBOR daily (ir_1m),Official API,daily,
HK,Rates,2025-07-16,1.17482,%,HKMA HIBOR daily (ir_1m),Official API,daily,
HK,Rates,2025-07-17,1.17726,%,HKMA HIBOR daily (ir_1m),Official API,daily,
HK,Rates,2025-07-18,1.07321,%,HKMA HIBOR daily (ir_1m),Official API,daily,
HK,Rates,2025-07-21,0.91036,%,HKMA HIBOR daily (ir_1m),Official API,daily,
HK,Rates,2025-07-22,0.92958,%,HKMA HIBOR daily (ir_1m),Official API,daily,
HK,Rates,2025-07-23,0.93817,%,HKMA HIBOR daily (ir_1m),Official API,daily,
HK,Rates,2025-07-24,0.89857,%,HKMA HIBOR daily (ir_1m),Official API,daily,
HK,Rates,2025-07-25,0.91679,%,HKMA HIBOR daily (ir_1m),Official API,daily,
HK,Rates,2025-07-28,1.02321,%,HKMA HIBOR daily (ir_1m),Official API,daily,
HK,Rates,2025-07-29,1.02143,%,HKMA HIBOR daily (ir_1m),Official API,daily,
HK,Rates,2025-07-30,1.03244,%,HKMA HIBOR daily (ir_1m),Official API,daily,
HK,Rates,2025-07-31,1.03363,%,HKMA HIBOR daily (ir_1m),Official API,daily,
HK,Rates,2025-08-01,0.9931,%,HKMA HIBOR daily (ir_1m),Official API,daily,
HK,Rates,2025-08-04,0.93762,%,HKMA HIBOR daily (ir_1m),Official API,daily,
HK,Rates,2025-08-06,0.87774,%,HKMA HIBOR daily (ir_1m),Official API,daily,
HK,Rates,2025-08-07,0.96494,%,HKMA HIBOR daily (ir_1m),Official API,daily,
HK,Rates,2025-08-08,0.95893,%,HKMA HIBOR daily (ir_1m),Official API,daily,
HK,Rates,2025-08-11,0.95202,%,HKMA HIBOR daily (ir_1m),Official API,daily,
HK,Rates,2025-08-12,0.90893,%,HKMA HIBOR daily (ir_1m),Official API,daily,
HK,Rates,2025-08-13,0.91036,%,HKMA HIBOR daily (ir_1m),Official API,daily,
HK,Rates,2025-08-14,1.04524,%,HKMA HIBOR daily (ir_1m),Official API,daily,
HK,Rates,2025-08-15,1.45095,%,HKMA HIBOR daily (ir_1m),Official API,daily,
HK,Rates,2025-08-18,2.01393,%,HKMA HIBOR daily (ir_1m),Official API,daily,
HK,Rates,2025-08-19,2.57417,%,HKMA HIBOR daily (ir_1m),Official API,daily,
HK,Rates,2025-08-20,2.85774,%,HKMA HIBOR daily (ir_1m),Official API,daily,
HK,Rates,2025-08-21,2.84191,%,HKMA HIBOR daily (ir_1m),Official API,daily,
HK,Rates,2025-08-22,2.7706,%,HKMA HIBOR daily (ir_1m),Official API,daily,
HK,Rates,2025-08-25,2.7272,%,HKMA HIBOR daily (ir_1m),Official API,daily,
HK,Rates,2025-08-26,2.81464,%,HKMA HIBOR daily (ir_1m),Official API,daily,
HK,Rates,2025-08-27,3.2331,%,HKMA HIBOR daily (ir_1m),Official API,daily,
HK,Rates,2025-08-28,3.30649,%,HKMA HIBOR daily (ir_1m),Official API,daily,
HK,Rates,2025-08-29,3.29655,%,HKMA HIBOR daily (ir_1m),Official API,daily,
HK,Rates,2025-09-01,3.15345,%,HKMA HIBOR daily (ir_1m),Official API,daily,
HK,Rates,2025-09-02,3.14816,%,HKMA HIBOR daily (ir_1m),Official API,daily,
HK,Rates,2025-09-03,2.84964,%,HKMA HIBOR daily (ir_1m),Official API,daily,
HK,Rates,2025-09-04,2.96702,%,HKMA HIBOR daily (ir_1m),Official API,daily,
HK,Rates,2025-09-05,3.00018,%,HKMA HIBOR daily (ir_1m),Official API,daily,
HK,Rates,2025-09-09,3.04369,%,HKMA HIBOR daily (ir_1m),Official API,daily,
HK,Rates,2025-09-10,3.08625,%,HKMA HIBOR daily (ir_1m),Official API,daily,
HK,Rates,2025-09-11,3.0372,%,HKMA HIBOR daily (ir_1m),Official API,daily,
HK,Rates,2025-09-12,3.16196,%,HKMA HIBOR daily (ir_1m),Official API,daily,
HK,Rates,2025-09-15,3.19036,%,HKMA HIBOR daily (ir_1m),Official API,daily,
HK,Rates,2025-09-16,3.2175,%,HKMA HIBOR daily (ir_1m),Official API,daily,
HK,Rates,2025-09-17,3.21107,%,HKMA HIBOR daily (ir_1m),Official API,daily,
HK,Rates,2025-09-18,3.36089,%,HKMA HIBOR daily (ir_1m),Official API,daily,
HK,Rates,2025-09-19,3.41607,%,HKMA HIBOR daily (ir_1m),Official API,daily,
HK,Rates,2025-09-22,3.6131,%,HKMA HIBOR daily (ir_1m),Official API,daily,
HK,Rates,2025-09-23,3.91107,%,HKMA HIBOR daily (ir_1m),Official API,daily,
HK,Rates,2025-09-25,3.62202,%,HKMA HIBOR daily (ir_1m),Official API,daily,
HK,Rates,2025-09-26,3.60661,%,HKMA HIBOR daily (ir_1m),Official API,daily,
HK,Rates,2025-09-29,3.59804,%,HKMA HIBOR daily (ir_1m),Official API,daily,
HK,Rates,2025-09-30,3.53762,%,HKMA HIBOR daily (ir_1m),Official API,daily,
HK,Rates,2025-10-02,3.49685,%,HKMA HIBOR daily (ir_1m),Official API,daily,
HK,Rates,2025-10-03,3.51464,%,HKMA HIBOR daily (ir_1m),Official API,daily,
HK,Rates,2025-10-06,3.58667,%,HKMA HIBOR daily (ir_1m),Official API,daily,
HK,Rates,2025-10-08,3.55417,%,HKMA HIBOR daily (ir_1m),Official API,daily,
HK,Rates,2025-10-09,3.52036,%,HKMA HIBOR daily (ir_1m),Official API,daily,
HK,Rates,2025-10-10,3.48435,%,HKMA HIBOR daily (ir_1m),Official API,daily,
HK,Rates,2025-10-13,3.44024,%,HKMA HIBOR daily (ir_1m),Official API,daily,
HK,Rates,2025-10-14,3.50423,%,HKMA HIBOR daily (ir_1m),Official API,daily,
HK,Rates,2025-10-15,3.42417,%,HKMA HIBOR daily (ir_1m),Official API,daily,
HK,Rates,2025-10-16,3.46494,%,HKMA HIBOR daily (ir_1m),Official API,daily,
HK,Rates,2025-10-17,3.53167,%,HKMA HIBOR daily (ir_1m),Official API,daily,
HK,Rates,2025-10-20,3.57857,%,HKMA HIBOR daily (ir_1m),Official API,daily,
HK,Rates,2025-10-21,3.66411,%,HKMA HIBOR daily (ir_1m),Official API,daily,
HK,Rates,2025-10-22,3.53185,%,HKMA HIBOR daily (ir_1m),Official API,daily,
HK,Rates,2025-10-23,3.54095,%,HKMA HIBOR daily (ir_1m),Official API,daily,
HK,Rates,2025-10-24,3.47292,%,HKMA HIBOR daily (ir_1m),Official API,daily,
HK,Rates,2025-10-27,3.5,%,HKMA HIBOR daily (ir_1m),Official API,daily,
HK,Rates,2025-10-28,3.43738,%,HKMA HIBOR daily (ir_1m),Official API,daily,
HK,Rates,2025-10-30,3.41536,%,HKMA HIBOR daily (ir_1m),Official API,daily,
HK,Rates,2025-10-31,3.42911,%,HKMA HIBOR daily (ir_1m),Official API,daily,
HK,Rates,2025-11-03,3.38173,%,HKMA HIBOR daily (ir_1m),Official API,daily,
HK,Rates,2025-11-04,3.315,%,HKMA HIBOR daily (ir_1m),Official API,daily,
HK,Rates,2025-11-05,3.16131,%,HKMA HIBOR daily (ir_1m),Official API,daily,
HK,Rates,2025-11-06,3.11845,%,HKMA HIBOR daily (ir_1m),Official API,daily,
HK,Rates,2025-11-07,3.04637,%,HKMA HIBOR daily (ir_1m),Official API,daily,
HK,Rates,2025-11-10,3.02268,%,HKMA HIBOR daily (ir_1m),Official API,daily,
HK,Rates,2025-11-11,3.01982,%,HKMA HIBOR daily (ir_1m),Official API,daily,
HK,Rates,2025-11-12,3.11661,%,HKMA HIBOR daily (ir_1m),Official API,daily,
HK,Rates,2025-11-13,3.09756,%,HKMA HIBOR daily (ir_1m),Official API,daily,
HK,Rates,2025-11-14,3.06351,%,HKMA HIBOR daily (ir_1m),Official API,daily,
HK,Rates,2025-11-17,3.00429,%,HKMA HIBOR daily (ir_1m),Official API,daily,
HK,Rates,2025-11-18,2.87762,%,HKMA HIBOR daily (ir_1m),Official API,daily,
HK,Rates,2025-11-19,2.28369,%,HKMA HIBOR daily (ir_1m),Official API,daily,
HK,Rates,2025-11-20,2.41036,%,HKMA HIBOR daily (ir_1m),Official API,daily,
HK,Rates,2025-11-21,2.495,%,HKMA HIBOR daily (ir_1m),Official API,daily,
HK,Rates,2025-11-24,2.6256,%,HKMA HIBOR daily (ir_1m),Official API,daily,
HK,Rates,2025-11-25,2.81369,%,HKMA HIBOR daily (ir_1m),Official API,daily,
HK,Rates,2025-11-26,2.97768,%,HKMA HIBOR daily (ir_1m),Official API,daily,
HK,Rates,2025-11-27,3.2428,%,HKMA HIBOR daily (ir_1m),Official API,daily,
HK,Rates,2025-11-28,3.18286,%,HKMA HIBOR daily (ir_1m),Official API,daily,
HK,Rates,2025-12-01,2.93488,%,HKMA HIBOR daily (ir_1m),Official API,daily,
HK,Rates,2025-12-02,2.80232,%,HKMA HIBOR daily (ir_1m),Official API,daily,
HK,Rates,2025-12-03,2.88458,%,HKMA HIBOR daily (ir_1m),Official API,daily,
HK,Rates,2025-12-04,3.03482,%,HKMA HIBOR daily (ir_1m),Official API,daily,
HK,Rates,2025-12-05,3.07512,%,HKMA HIBOR daily (ir_1m),Official API,daily,
HK,Rates,2025-12-08,3.09571,%,HKMA HIBOR daily (ir_1m),Official API,daily,
HK,Rates,2025-12-09,3.13316,%,HKMA HIBOR daily (ir_1m),Official API,daily,
HK,Rates,2025-12-10,3.11435,%,HKMA HIBOR daily (ir_1m),Official API,daily,
HK,Rates,2025-12-11,3.13387,%,HKMA HIBOR daily (ir_1m),Official API,daily,
HK,Rates,2025-12-12,3.03952,%,HKMA HIBOR daily (ir_1m),Official API,daily,
HK,Rates,2025-12-15,2.97554,%,HKMA HIBOR daily (ir_1m),Official API,daily,
HK,Rates,2025-12-16,3.12756,%,HKMA HIBOR daily (ir_1m),Official API,daily,
HK,Rates,2025-12-17,3.25381,%,HKMA HIBOR daily (ir_1m),Official API,daily,
HK,Rates,2025-12-18,3.18363,%,HKMA HIBOR daily (ir_1m),Official API,daily,
HK,Rates,2025-12-19,3.16798,%,HKMA HIBOR daily (ir_1m),Official API,daily,
HK,Rates,2025-12-22,3.1175,%,HKMA HIBOR daily (ir_1m),Official API,daily,
HK,Rates,2025-12-23,3.10637,%,HKMA HIBOR daily (ir_1m),Official API,daily,
HK,Rates,2025-12-24,3.28911,%,HKMA HIBOR daily (ir_1m),Official API,daily,
HK,Rates,2025-12-29,3.3506,%,HKMA HIBOR daily (ir_1m),Official API,daily,
HK,Rates,2025-12-30,3.21107,%,HKMA HIBOR daily (ir_1m),Official API,daily,
HK,Rates,2025-12-31,3.07548,%,HKMA HIBOR daily (ir_1m),Official API,daily,
HK,Rates,2026-01-02,2.6225,%,HKMA HIBOR daily (ir_1m),Official API,daily,
HK,Rates,2026-01-05,2.67226,%,HKMA HIBOR daily (ir_1m),Official API,daily,
HK,Rates,2026-01-06,2.97869,%,HKMA HIBOR daily (ir_1m),Official API,daily,
HK,Rates,2026-01-07,2.95518,%,HKMA HIBOR daily (ir_1m),Official API,daily,
HK,Rates,2026-01-08,3.00798,%,HKMA HIBOR daily (ir_1m),Official API,daily,
HK,Rates,2026-01-09,2.86369,%,HKMA HIBOR daily (ir_1m),Official API,daily,
HK,Rates,2026-01-12,2.83881,%,HKMA HIBOR daily (ir_1m),Official API,daily,
HK,Rates,2026-01-13,2.69,%,HKMA HIBOR daily (ir_1m),Official API,daily,
HK,Rates,2026-01-14,2.64786,%,HKMA HIBOR daily (ir_1m),Official API,daily,
HK,Rates,2026-01-15,2.84857,%,HKMA HIBOR daily (ir_1m),Official API,daily,
HK,Rates,2026-01-16,2.84095,%,HKMA HIBOR daily (ir_1m),Official API,daily,
HK,Rates,2026-01-19,2.77673,%,HKMA HIBOR daily (ir_1m),Official API,daily,
HK,Rates,2026-01-20,2.75923,%,HKMA HIBOR daily (ir_1m),Official API,daily,
HK,Rates,2026-01-21,2.72893,%,HKMA HIBOR daily (ir_1m),Official API,daily,
HK,Rates,2026-01-22,2.80405,%,HKMA HIBOR daily (ir_1m),Official API,daily,
HK,Rates,2026-01-23,2.79292,%,HKMA HIBOR daily (ir_1m),Official API,daily,
HK,Rates,2026-01-26,2.78167,%,HKMA HIBOR daily (ir_1m),Official API,daily,
HK,Rates,2026-01-27,2.74571,%,HKMA HIBOR daily (ir_1m),Official API,daily,
HK,Rates,2026-01-28,2.66321,%,HKMA HIBOR daily (ir_1m),Official API,daily,
HK,Rates,2026-01-29,2.65,%,HKMA HIBOR daily (ir_1m),Official API,daily,
HK,Rates,2026-01-30,2.61357,%,HKMA HIBOR daily (ir_1m),Official API,daily,
HK,Rates,2026-02-02,2.53363,%,HKMA HIBOR daily (ir_1m),Official API,daily,
HK,Rates,2026-02-03,2.51994,%,HKMA HIBOR daily (ir_1m),Official API,daily,
HK,Rates,2026-02-04,2.49435,%,HKMA HIBOR daily (ir_1m),Official API,daily,
HK,Rates,2026-02-05,2.59452,%,HKMA HIBOR daily (ir_1m),Official API,daily,
HK,Rates,2026-02-06,2.58815,%,HKMA HIBOR daily (ir_1m),Official API,daily,
HK,Rates,2026-02-09,2.55,%,HKMA HIBOR daily (ir_1m),Official API,daily,
HK,Rates,2026-02-10,2.50446,%,HKMA HIBOR daily (ir_1m),Official API,daily,
HK,Rates,2026-02-11,2.48268,%,HKMA HIBOR daily (ir_1m),Official API,daily,
HK,Rates,2026-02-12,2.5,%,HKMA HIBOR daily (ir_1m),Official API,daily,
HK,Rates,2026-02-13,2.51464,%,HKMA HIBOR daily (ir_1m),Official API,daily,
HK,Rates,2026-02-16,2.45792,%,HKMA HIBOR daily (ir_1m),Official API,daily,
HK,Rates,2026-02-20,2.47673,%,HKMA HIBOR daily (ir_1m),Official API,daily,
HK,Rates,2026-02-23,2.43952,%,HKMA HIBOR daily (ir_1m),Official API,daily,
HK,Rates,2026-02-24,2.34238,%,HKMA HIBOR daily (ir_1m),Official API,daily,
HK,Rates,2026-02-25,2.35375,%,HKMA HIBOR daily (ir_1m),Official API,daily,
HK,Rates,2026-02-26,2.4322,%,HKMA HIBOR daily (ir_1m),Official API,daily,
HK,Rates,2026-02-27,2.41321,%,HKMA HIBOR daily (ir_1m),Official API,daily,
HK,Rates,2026-03-02,2.35518,%,HKMA HIBOR daily (ir_1m),Official API,daily,
HK,Rates,2026-03-03,2.30446,%,HKMA HIBOR daily (ir_1m),Official API,daily,
HK,Rates,2026-03-04,2.41399,%,HKMA HIBOR daily (ir_1m),Official API,daily,
HK,Rates,2026-03-05,2.31179,%,HKMA HIBOR daily (ir_1m),Official API,daily,
HK,Rates,2026-03-06,2.19613,%,HKMA HIBOR daily (ir_1m),Official API,daily,
HK,Rates,2026-03-09,2.04524,%,HKMA HIBOR daily (ir_1m),Official API,daily,
HK,Rates,2026-03-10,2.02083,%,HKMA HIBOR daily (ir_1m),Official API,daily,
HK,Rates,2026-03-11,2.02982,%,HKMA HIBOR daily (ir_1m),Official API,daily,
HK,Rates,2026-03-12,2.02982,%,HKMA HIBOR daily (ir_1m),Official API,daily,
HK,Rates,2026-03-13,2.07583,%,HKMA HIBOR daily (ir_1m),Official API,daily,
HK,Rates,2026-03-16,2.05637,%,HKMA HIBOR daily (ir_1m),Official API,daily,
HK,Rates,2026-03-17,2.08173,%,HKMA HIBOR daily (ir_1m),Official API,daily,
HK,Rates,2026-03-18,2.07298,%,HKMA HIBOR daily (ir_1m),Official API,daily,
HK,Rates,2026-03-19,2.05446,%,HKMA HIBOR daily (ir_1m),Official API,daily,
HK,Rates,2026-03-20,2.02375,%,HKMA HIBOR daily (ir_1m),Official API,daily,
HK,Rates,2026-03-23,1.95107,%,HKMA HIBOR daily (ir_1m),Official API,daily,
HK,Rates,2026-03-24,1.95,%,HKMA HIBOR daily (ir_1m),Official API,daily,
HK,Rates,2026-03-25,2.12548,%,HKMA HIBOR daily (ir_1m),Official API,daily,
HK,Rates,2026-03-26,2.41316,%,HKMA HIBOR daily (ir_1m),Official API,daily,
HK,Rates,2026-03-27,2.44786,%,HKMA HIBOR daily (ir_1m),Official API,daily,
HK,Rates,2026-03-30,2.28292,%,HKMA HIBOR daily (ir_1m),Official API,daily,
HK,Rates,2026-03-31,2.23506,%,HKMA HIBOR daily (ir_1m),Official API,daily,
HK,Rates,2026-04-01,1.97655,%,HKMA HIBOR daily (ir_1m),Official API,daily,
HK,Rates,2026-04-02,1.98601,%,HKMA HIBOR daily (ir_1m),Official API,daily,
HK,Rates,2026-04-08,2.07798,%,HKMA HIBOR daily (ir_1m),Official API,daily,
HK,Rates,2026-04-09,2.32321,%,HKMA HIBOR daily (ir_1m),Official API,daily,
HK,Rates,2026-04-10,2.24024,%,HKMA HIBOR daily (ir_1m),Official API,daily,
HK,Rates,2026-04-13,2.23244,%,HKMA HIBOR daily (ir_1m),Official API,daily,
HK,Rates,2026-04-14,2.30976,%,HKMA HIBOR daily (ir_1m),Official API,daily,
HK,Rates,2026-04-15,2.29649,%,HKMA HIBOR daily (ir_1m),Official API,daily,
HK,Rates,2026-04-16,2.34571,%,HKMA HIBOR daily (ir_1m),Official API,daily,
HK,Rates,2026-04-17,2.55143,%,HKMA HIBOR daily (ir_1m),Official API,daily,
HK,Rates,2026-04-20,2.43577,%,HKMA HIBOR daily (ir_1m),Official API,daily,
HK,Rates,2026-04-21,2.44286,%,HKMA HIBOR daily (ir_1m),Official API,daily,
HK,Rates,2026-04-22,2.47631,%,HKMA HIBOR daily (ir_1m),Official API,daily,
HK,Rates,2026-04-23,2.48577,%,HKMA HIBOR daily (ir_1m),Official API,daily,
HK,Rates,2026-04-24,2.48815,%,HKMA HIBOR daily (ir_1m),Official API,daily,
HK,Rates,2026-04-27,2.45732,%,HKMA HIBOR daily (ir_1m),Official API,daily,
HK,Rates,2026-04-28,2.43667,%,HKMA HIBOR daily (ir_1m),Official API,daily,
HK,Rates,2026-04-29,2.43387,%,HKMA HIBOR daily (ir_1m),Official API,daily,
HK,Rates,2026-04-30,2.44238,%,HKMA HIBOR daily (ir_1m),Official API,daily,
HK,Rates,2026-05-04,2.4431,%,HKMA HIBOR daily (ir_1m),Official API,daily,
HK,Rates,2026-05-05,2.48887,%,HKMA HIBOR daily (ir_1m),Official API,daily,
HK,Rates,2026-05-06,2.47845,%,HKMA HIBOR daily (ir_1m),Official API,daily,
HK,Rates,2026-05-07,2.5147,%,HKMA HIBOR daily (ir_1m),Official API,daily,
HK,Rates,2026-05-08,2.61613,%,HKMA HIBOR daily (ir_1m),Official API,daily,
HK,Rates,2026-05-11,2.68387,%,HKMA HIBOR daily (ir_1m),Official API,daily,
HK,Rates,2026-05-12,2.7,%,HKMA HIBOR daily (ir_1m),Official API,daily,
HK,Rates,2026-05-13,2.7,%,HKMA HIBOR daily (ir_1m),Official API,daily,
HK,Rates,2026-05-14,2.65518,%,HKMA HIBOR daily (ir_1m),Official API,daily,
HK,Rates,2026-05-15,2.63881,%,HKMA HIBOR daily (ir_1m),Official API,daily,
HK,Rates,2026-05-18,2.62619,%,HKMA HIBOR daily (ir_1m),Official API,daily,
HK,Rates,2026-05-19,2.6,%,HKMA HIBOR daily (ir_1m),Official API,daily,
HK,Rates,2026-05-20,2.57262,%,HKMA HIBOR daily (ir_1m),Official API,daily,
HK,Rates,2026-05-21,2.59268,%,HKMA HIBOR daily (ir_1m),Official API,daily,
HK,Rates,2026-05-22,2.6,%,HKMA HIBOR daily (ir_1m),Official API,daily,
HK,Rates,2026-05-26,2.57298,%,HKMA HIBOR daily (ir_1m),Official API,daily,
HK,Rates,2026-05-27,2.6,%,HKMA HIBOR daily (ir_1m),Official API,daily,
HK,Rates,2026-05-28,2.65143,%,HKMA HIBOR daily (ir_1m),Official API,daily,
HK,Rates,2026-05-29,2.60923,%,HKMA HIBOR daily (ir_1m),Official API,daily,
JP,Rates,2026-06-26,0.977,%,BOJ FM01 STRDCLUCON CSV (STRDCLUCON),Official API,daily,
